{
 "actions": [],
 "allow_rename": 1,
 "creation": "2023-12-14 11:16:15.476366",
 "doctype": "DocType",
 "editable_grid": 1,
 "engine": "InnoDB",
 "field_order": [
  "date",
  "column_break_xzyo",
  "weekly_off",
  "section_break_zenz",
  "description"
 ],
 "fields": [
  {
   "fieldname": "date",
   "fieldtype": "Date",
   "in_list_view": 1,
   "label": "Date",
   "reqd": 1
  },
  {
   "fieldname": "column_break_xzyo",
   "fieldtype": "Column Break"
  },
  {
   "default": "0",
   "fieldname": "weekly_off",
   "fieldtype": "Check",
   "label": "Weekly Off"
  },
  {
   "fieldname": "section_break_zenz",
   "fieldtype": "Section Break"
  },
  {
   "fieldname": "description",
   "fieldtype": "Text Editor",
   "in_list_view": 1,
   "label": "Description",
   "reqd": 1
  }
 ],
 "index_web_pages_for_search": 1,
 "istable": 1,
 "links": [],
 "modified": "2023-12-14 11:17:41.745419",
 "modified_by": "Administrator",
 "module": "FCRM",
 "name": "CRM Holiday",
 "owner": "Administrator",
 "permissions": [],
 "sort_field": "modified",
 "sort_order": "DESC",
 "states": []
}