{
 "actions": [],
 "allow_rename": 1,
 "creation": "2023-12-04 13:18:58.028384",
 "doctype": "DocType",
 "editable_grid": 1,
 "engine": "InnoDB",
 "field_order": [
  "default_priority",
  "column_break_grod",
  "priority",
  "section_break_anyl",
  "first_response_time",
  "column_break_bwgs"
 ],
 "fields": [
  {
   "default": "0",
   "fieldname": "default_priority",
   "fieldtype": "Check",
   "in_list_view": 1,
   "label": "Default Priority"
  },
  {
   "fieldname": "priority",
   "fieldtype": "Link",
   "in_list_view": 1,
   "label": "Priority",
   "options": "CRM Communication Status",
   "reqd": 1
  },
  {
   "fieldname": "first_response_time",
   "fieldtype": "Duration",
   "in_list_view": 1,
   "label": "First Response TIme",
   "reqd": 1
  },
  {
   "fieldname": "column_break_grod",
   "fieldtype": "Column Break"
  },
  {
   "fieldname": "section_break_anyl",
   "fieldtype": "Section Break"
  },
  {
   "fieldname": "column_break_bwgs",
   "fieldtype": "Column Break"
  }
 ],
 "index_web_pages_for_search": 1,
 "istable": 1,
 "links": [],
 "modified": "2023-12-15 11:49:54.424029",
 "modified_by": "Administrator",
 "module": "FCRM",
 "name": "CRM Service Level Priority",
 "owner": "Administrator",
 "permissions": [],
 "sort_field": "modified",
 "sort_order": "DESC",
 "states": []
}